timestamp_local,timestamp_utc,status,download_mbps,upload_mbps,idle_ping_ms,jitter_ms,packet_loss_pct,download_latency_loaded_ms,upload_latency_loaded_ms,interface,server,result_url
2026-06-23 11:30:35 EDT,2026-06-23T15:30:52Z,OK,225.1,184.7,16.0,3.8,0,28.5,353.9,en0,1767,https://www.speedtest.net/result/c/0394c361-ad98-4642-8c09-6fa7a9db5790
2026-06-23 12:00:54 EDT,2026-06-23T16:01:15Z,OK,217.0,194.4,13.3,6.0,0,30.1,382.0,en0,1767,https://www.speedtest.net/result/c/f3756a46-777f-44b0-96e1-23c425d31c04
2026-06-23 12:31:17 EDT,2026-06-23T16:31:33Z,OK,210.0,191.9,10.8,3.4,0,26.1,406.9,en0,1767,https://www.speedtest.net/result/c/b0833154-085b-4a99-94b3-d4f4302f73d8
2026-06-23 12:55:25 EDT,2026-06-23T16:55:40Z,OK,273.7,181.0,11.0,0.6,0,393.8,437.1,en0,30411,https://www.speedtest.net/result/c/dc4b2ad3-edb2-4b02-ab91-1c876ab78c24
2026-06-23 13:01:34 EDT,2026-06-23T17:01:52Z,OK,242.3,171.0,9.8,0.7,0,27.6,438.1,en0,30411,https://www.speedtest.net/result/c/6ca268c9-a49e-46dc-8878-4a759109e01a
2026-06-23 13:51:55 EDT,2026-06-23T17:52:21Z,OK,274.9,183.7,19.8,0.7,0,24.0,44.2,en0,30411,https://www.speedtest.net/result/c/de8516c7-144e-49bd-8d77-e94171ded345
2026-06-23 14:22:22 EDT,2026-06-23T18:22:40Z,OK,212.9,186.5,10.0,1.5,0,26.6,42.4,en0,30411,https://www.speedtest.net/result/c/0975f15d-2881-47b3-9118-a5663c533529
2026-06-23 14:52:42 EDT,2026-06-23T18:53:03Z,OK,253.1,188.3,16.6,4.5,0,28.1,166.3,en0,30411,https://www.speedtest.net/result/c/adcece15-4ae9-430e-b550-9252df6ea3f2
2026-06-23 15:23:04 EDT,2026-06-23T19:23:28Z,OK,201.4,192.5,11.2,3.5,0,29.7,447.6,en0,30411,https://www.speedtest.net/result/c/5108b440-9ab2-4991-ad4f-46d49f8c02f4
2026-06-23 15:53:29 EDT,2026-06-23T19:53:50Z,OK,248.9,189.6,10.4,2.0,0,30.2,415.3,en0,30411,https://www.speedtest.net/result/c/58ed7523-c4cb-4768-92cd-83c2d3c96128
2026-06-23 16:58:23 EDT,2026-06-23T20:59:09Z,OK,123.7,68.9,31.7,50.1,0,547.1,2466.9,en0,30411,https://www.speedtest.net/result/c/8acd90bf-1217-494d-a4ef-719ff4723c00
2026-06-23 21:21:45 EDT,2026-06-24T01:22:04Z,OK,302.0,258.4,16.6,4.5,0,40.5,371.3,en0,30411,https://www.speedtest.net/result/c/dfe47992-a9d4-4fd8-b515-713d091cedaa
2026-06-23 21:52:06 EDT,2026-06-24T01:52:28Z,OK,251.6,288.5,10.0,1.0,0,28.9,230.1,en0,30411,https://www.speedtest.net/result/c/c51e2ce7-c460-4773-8b3c-0cbc0d41240d
2026-06-23 23:04:18 EDT,,FAILED,,,,,,,,,30411,
2026-06-24 06:06:01 EDT,2026-06-24T10:06:24Z,OK,278.3,244.2,13.1,6.2,0,31.1,48.5,en0,30411,https://www.speedtest.net/result/c/ecbb3ea6-fc9b-4591-a0a1-3ba3b4290304
2026-06-24 06:36:26 EDT,2026-06-24T10:36:50Z,OK,307.5,210.7,19.7,0.6,0,44.2,389.6,en0,30411,https://www.speedtest.net/result/c/9710c929-9610-4fd2-aeb4-546c3d04f21e
2026-06-24 07:28:53 EDT,,FAILED,,,,,,,,,30411,
2026-06-24 14:03:51 EDT,,FAILED,,,,,,,,,30411,
2026-06-24 14:33:51 EDT,,FAILED,,,,,,,,,30411,
2026-06-24 15:20:33 EDT,,FAILED,,,,,,,,,30411,
2026-06-25 05:26:01 EDT,2026-06-25T09:26:29Z,OK,38.6,10.3,120.0,56.0,0,526.5,898.4,en0,30411,https://www.speedtest.net/result/c/d3adbb1c-87c0-43f3-bc63-38f579b04278
2026-06-25 05:56:31 EDT,2026-06-25T09:56:59Z,OK,24.8,8.7,40.7,4.1,0,564.0,803.2,en0,30411,https://www.speedtest.net/result/c/8021a256-fcd1-4ca3-acf0-54eb3fae0425
2026-06-25 06:27:01 EDT,2026-06-25T10:27:27Z,OK,26.7,8.9,44.7,6.0,0,755.5,1000.7,en0,30411,https://www.speedtest.net/result/c/5c0efb30-2c6e-4db1-a826-23682384c470
2026-06-25 06:57:28 EDT,2026-06-25T10:57:58Z,OK,35.9,7.4,42.3,4.4,0,963.2,1303.7,en0,30411,https://www.speedtest.net/result/c/6e2e0079-417e-4356-acc8-5153244a6560
2026-06-25 16:46:12 EDT,,FAILED,,,,,,,,,30411,
2026-06-26 12:36:52 EDT,2026-06-26T16:37:23Z,OK,239.3,155.8,19.7,1.0,0,275.8,612.2,en0,30411,https://www.speedtest.net/result/c/22873a0c-4084-4739-8879-deeda547f4c2
2026-06-26 13:07:24 EDT,2026-06-26T17:07:56Z,OK,210.8,193.5,10.0,0.9,0,185.2,494.8,en0,30411,https://www.speedtest.net/result/c/fa05aff1-09fe-4d89-ac03-587194531b72
2026-06-26 13:37:57 EDT,2026-06-26T17:38:29Z,OK,275.5,185.6,34.3,77.8,0,237.3,406.0,en0,30411,https://www.speedtest.net/result/c/d1502cb6-3431-49a1-85b1-a8b810b7f3fa
2026-06-26 14:08:31 EDT,2026-06-26T18:09:02Z,OK,204.1,74.6,9.6,68.2,0,368.4,1645.0,en0,30411,https://www.speedtest.net/result/c/bb2118c7-b946-4107-a40a-ab214e40964b
2026-06-26 17:23:12 EDT,,FAILED,,,,,,,,,30411,
2026-06-26 21:03:03 EDT,2026-06-27T01:03:35Z,OK,206.4,146.7,52.8,105.8,0.684931506849315,152.8,959.4,en0,30411,https://www.speedtest.net/result/c/7c08f465-4367-40a5-98b3-1a30247d4d1b
2026-06-26 21:33:37 EDT,2026-06-27T01:34:05Z,OK,176.2,153.4,12.8,67.3,0,235.4,484.8,en0,30411,https://www.speedtest.net/result/c/ae4752ce-d6b4-492e-9a5e-5408c3a73df2
2026-06-26 22:04:07 EDT,2026-06-27T02:04:38Z,OK,220.6,149.1,18.4,8.1,0,202.3,315.5,en0,30411,https://www.speedtest.net/result/c/8f521fde-3cdd-4d6c-ad2e-d10ac2c651e1
2026-06-26 22:34:40 EDT,2026-06-27T02:35:09Z,OK,149.7,155.9,20.0,0.5,0,156.9,518.9,en0,30411,https://www.speedtest.net/result/c/bfff355b-aa76-4b16-ba34-d983c71b41c8
2026-06-26 23:39:51 EDT,2026-06-27T03:40:41Z,OK,239.4,42.4,10.8,23.3,0,444.1,64.6,en0,30411,https://www.speedtest.net/result/c/302bf6b3-5ff5-4e10-b442-0b79454264e2
2026-06-27 03:54:26 EDT,2026-06-27T07:55:05Z,OK,163.1,82.5,20.0,2.1,0,672.6,283.6,en0,30411,https://www.speedtest.net/result/c/5b1e2b37-4592-4a6e-961c-d04d5b69a81e
2026-06-27 06:09:17 EDT,2026-06-27T10:09:48Z,OK,239.0,121.4,19.7,0.8,0,500.2,1033.5,en0,30411,https://www.speedtest.net/result/c/7b3e6698-0339-420d-a589-87210f04e364
2026-06-27 06:39:50 EDT,2026-06-27T10:40:13Z,OK,185.2,78.5,19.0,4.7,0,191.1,270.2,en0,30411,https://www.speedtest.net/result/c/36a9778c-4b1a-42e6-934b-3a685f8bafa7
2026-06-27 07:10:15 EDT,2026-06-27T11:10:46Z,OK,194.2,92.9,19.5,0.4,0,239.0,745.1,en0,30411,https://www.speedtest.net/result/c/1d31d3a8-eaac-416b-be67-2d989fb6906c
2026-06-27 07:40:47 EDT,2026-06-27T11:41:08Z,OK,195.1,83.2,20.1,2.6,0,30.7,871.7,en0,30411,https://www.speedtest.net/result/c/9a1c149a-792e-4f43-97bb-c8ee2e775e1d
2026-06-27 08:11:09 EDT,2026-06-27T12:11:40Z,OK,161.2,91.4,19.5,1.1,0,503.8,504.2,en0,30411,https://www.speedtest.net/result/c/6364da76-21f6-428c-a8c8-0d814ef8c033
2026-06-27 08:41:41 EDT,,FAILED,,,,,,,,,30411,
2026-06-27 13:05:51 EDT,2026-06-27T17:06:22Z,OK,235.3,146.0,19.7,0.7,0,392.1,736.0,en0,30411,https://www.speedtest.net/result/c/c5752137-8bc2-4dda-b7f4-c737be2781b7
2026-06-27 13:36:23 EDT,2026-06-27T17:36:55Z,OK,236.7,146.3,10.8,35.8,0,179.5,782.0,en0,30411,https://www.speedtest.net/result/c/dec08b80-c1b0-4e1c-8fbd-1db758b33453
2026-06-27 14:06:57 EDT,2026-06-27T18:07:22Z,OK,279.5,253.3,11.8,41.9,0,96.6,652.3,en0,30411,https://www.speedtest.net/result/c/7475c9ec-bb5b-42be-843d-6b2a08b4c8da
2026-06-27 14:37:23 EDT,2026-06-27T18:37:54Z,OK,195.6,235.3,18.7,5.1,0,495.4,897.5,en0,30411,https://www.speedtest.net/result/c/e8f71840-5bec-41e5-afc9-1c71c1d08d74
2026-06-27 15:07:56 EDT,2026-06-27T19:08:27Z,OK,232.9,249.3,10.0,1.1,0,200.9,668.3,en0,30411,https://www.speedtest.net/result/c/6c2d27b6-a8ca-4578-8c84-7a2cb1d9e588
2026-06-27 15:38:28 EDT,2026-06-27T19:38:59Z,OK,193.1,165.9,10.6,2.7,0,236.6,642.5,en0,30411,https://www.speedtest.net/result/c/5d3cd4b2-75de-48a5-b3b4-9ddda82e1bdb
2026-06-27 16:09:00 EDT,2026-06-27T20:09:32Z,OK,236.6,151.6,12.8,48.3,0,291.9,973.7,en0,30411,https://www.speedtest.net/result/c/25c97674-245c-479f-822b-74f7910aebd6
2026-06-27 16:39:34 EDT,2026-06-27T20:40:05Z,OK,207.1,163.4,19.7,2.5,0,182.0,666.2,en0,30411,https://www.speedtest.net/result/c/0c3aa2ba-b718-4176-bbca-c73bf6907068
2026-06-27 17:10:07 EDT,2026-06-27T21:10:38Z,OK,248.0,150.3,19.4,1.3,0,172.7,584.9,en0,30411,https://www.speedtest.net/result/c/0295dc6a-cf61-4bdf-b61d-922a7ecbb352
2026-06-27 17:53:03 EDT,2026-06-27T21:55:30Z,OK,149.3,61.2,16.1,25.9,1.1111111111111112,1213.9,971.5,en0,30411,https://www.speedtest.net/result/c/0eda11ad-9ac9-44e6-84ef-2bb825f92eea
2026-06-27 18:41:38 EDT,2026-06-27T22:42:08Z,OK,254.3,132.7,13.2,4.8,0,225.7,757.3,en0,30411,https://www.speedtest.net/result/c/cbfce2dd-8677-4651-b9a2-94e99d0c741c
2026-06-27 19:12:09 EDT,2026-06-27T23:12:40Z,OK,210.3,140.6,10.0,1.5,0,319.2,573.6,en0,30411,https://www.speedtest.net/result/c/dd68932c-e900-496e-92ea-3229d6af615b
2026-06-27 19:42:42 EDT,2026-06-27T23:43:13Z,OK,245.2,255.7,19.1,2.8,0,242.2,679.9,en0,30411,https://www.speedtest.net/result/c/f2b04617-3532-4d92-9542-853bdd03aee7
2026-06-27 20:13:14 EDT,2026-06-28T00:13:40Z,OK,228.0,261.5,34.4,40.6,0,39.2,660.9,en0,30411,https://www.speedtest.net/result/c/139087fb-3d85-4818-a5ac-d68ed4259d0a
2026-06-27 20:43:42 EDT,2026-06-28T00:44:06Z,OK,250.2,245.4,19.7,0.8,0,19.1,444.4,en0,30411,https://www.speedtest.net/result/c/bcae101b-770c-46fd-8acd-0dbba1df6f0d
2026-06-27 21:14:08 EDT,2026-06-28T01:14:28Z,OK,259.8,141.5,13.5,5.2,0,25.4,691.6,en0,30411,https://www.speedtest.net/result/c/2b70d6a2-5344-439b-a122-84602d456d59
2026-06-27 21:44:30 EDT,2026-06-28T01:45:01Z,OK,202.7,151.2,10.3,3.8,0,263.0,935.0,en0,30411,https://www.speedtest.net/result/c/044e9da4-e20e-4466-a672-1d9340dc71c1
2026-06-27 22:15:02 EDT,2026-06-28T02:15:25Z,OK,257.4,147.9,9.9,5.4,0,27.5,446.3,en0,30411,https://www.speedtest.net/result/c/da68062b-255b-48cf-a1eb-3abbb615de24
2026-06-27 22:45:26 EDT,2026-06-28T02:45:57Z,OK,211.7,148.9,9.9,0.6,0,262.0,792.7,en0,30411,https://www.speedtest.net/result/c/c6ca69cd-6622-44a9-ad5a-a77368062e6d
2026-06-28 14:47:32 EDT,2026-06-28T18:47:59Z,OK,99.0,50.0,18.8,3.9,0,290.6,680.6,en0,30411,https://www.speedtest.net/result/c/b8841f78-277d-49ee-bfae-7abeaef18ac5
2026-06-28 20:54:02 EDT,2026-06-29T00:54:31Z,OK,133.8,30.0,19.6,4.7,0,294.2,1063.0,en0,30411,https://www.speedtest.net/result/c/c72402fc-fa4c-42e0-a27c-2c2ef7c2ed17
2026-06-28 21:24:50 EDT,2026-06-29T01:25:21Z,OK,199.0,153.0,16.8,3.8,0.6711409395973155,415.7,854.8,en0,30411,https://www.speedtest.net/result/c/12da1e95-9fb4-4b70-8b25-47af2407686b
2026-06-28 22:54:56 EDT,2026-06-29T02:55:27Z,OK,151.3,99.5,19.8,1.5,0,239.0,892.7,en0,30411,https://www.speedtest.net/result/c/cc9e7393-aac3-4655-930f-70f94938254c
2026-06-29 04:59:40 EDT,2026-06-29T09:00:12Z,OK,201.5,107.2,19.7,1.0,0.6896551724137931,524.1,619.3,en0,30411,https://www.speedtest.net/result/c/b9383184-e312-4782-b38c-c78e280cd775
2026-06-29 05:30:14 EDT,2026-06-29T09:30:37Z,OK,228.9,146.1,14.6,1.7,0,232.0,467.0,en0,30411,https://www.speedtest.net/result/c/d4f5bfe0-5ce6-4e99-bfdd-34a535808f9e
2026-06-29 06:00:39 EDT,2026-06-29T10:01:00Z,OK,258.2,112.4,19.8,2.1,0,30.5,843.6,en0,30411,https://www.speedtest.net/result/c/92a6a412-6be2-4f6e-ab19-3ab89155a3e5
2026-06-29 06:31:01 EDT,2026-06-29T10:31:33Z,OK,118.5,28.6,19.5,3.7,0,156.8,879.6,en0,30411,https://www.speedtest.net/result/c/8029e843-9311-4c98-811f-b11532d857e2
2026-06-29 07:24:53 EDT,,FAILED,,,,,,,,,30411,
2026-06-29 07:54:54 EDT,,FAILED,,,,,,,,,30411,
2026-06-29 08:40:58 EDT,,FAILED,,,,,,,,,30411,
2026-06-29 09:55:58 EDT,,FAILED,,,,,,,,,30411,
2026-06-29 10:25:59 EDT,,FAILED,,,,,,,,,30411,
2026-06-29 10:55:59 EDT,,FAILED,,,,,,,,,30411,
2026-06-29 12:07:41 EDT,,FAILED,,,,,,,,,30411,
2026-06-29 13:25:22 EDT,,FAILED,,,,,,,,,30411,
2026-06-29 14:33:30 EDT,,FAILED,,,,,,,,,30411,
2026-06-29 15:03:30 EDT,,FAILED,,,,,,,,,30411,
2026-06-29 15:45:53 EDT,,FAILED,,,,,,,,,30411,
2026-06-29 16:21:00 EDT,,FAILED,,,,,,,,,30411,
2026-06-29 17:52:49 EDT,,FAILED,,,,,,,,,30411,
2026-06-29 19:14:31 EDT,2026-06-29T23:15:01Z,OK,129.4,135.5,20.4,2.0,0,557.5,850.3,en0,30411,https://www.speedtest.net/result/c/22c64f2a-7f7d-4cd5-885a-383f55dc6b91
2026-06-29 22:07:59 EDT,2026-06-30T02:08:30Z,OK,212.4,131.9,12.6,4.7,0,239.3,815.8,en0,30411,https://www.speedtest.net/result/c/897fe256-9785-4ebe-a791-70655973bc17
2026-06-29 22:38:31 EDT,2026-06-30T02:39:03Z,OK,150.1,118.8,16.4,6.1,0,447.4,716.8,en0,30411,https://www.speedtest.net/result/c/28201988-47d1-4dd8-a654-4f38c374d523
2026-06-29 23:09:04 EDT,2026-06-30T03:09:35Z,OK,253.0,130.4,10.4,4.2,0,226.4,1102.4,en0,30411,https://www.speedtest.net/result/c/44054b5e-592a-41e0-ab0b-600ef141146f
2026-06-29 23:39:37 EDT,2026-06-30T03:40:08Z,OK,284.2,193.7,19.7,1.9,0,280.0,718.2,en0,30411,https://www.speedtest.net/result/c/351f8e44-023a-4170-9e0a-db50f145e61f
2026-06-30 00:21:44 EDT,,FAILED,,,,,,,,,30411,
2026-06-30 07:07:22 EDT,2026-06-30T11:07:53Z,OK,208.9,203.1,9.1,1.3,0,158.6,624.6,en0,30411,https://www.speedtest.net/result/c/686a7a2a-913a-448a-9ddc-4984d0ce7a81
2026-06-30 07:37:54 EDT,2026-06-30T11:38:25Z,OK,197.2,170.1,19.8,1.9,0,164.8,188.7,en0,30411,https://www.speedtest.net/result/c/d28608c8-84cf-4259-b8b8-947b884d5ea3
2026-06-30 08:08:26 EDT,2026-06-30T12:08:57Z,OK,232.9,168.0,13.1,5.4,0,205.2,909.5,en0,30411,https://www.speedtest.net/result/c/7e122108-91a6-4d9c-94d5-484b87feed80
2026-06-30 08:38:59 EDT,2026-06-30T12:39:30Z,OK,179.2,197.6,15.0,1.9,0,189.5,808.0,en0,30411,https://www.speedtest.net/result/c/3fc7604e-71a0-4b5d-a88e-34c0a9e77dc0
2026-06-30 09:09:31 EDT,2026-06-30T13:09:57Z,OK,255.1,200.3,9.9,43.3,0,32.4,391.7,en0,30411,https://www.speedtest.net/result/c/0ec383ae-7e59-4d79-97c8-9a8bc358e57b
2026-06-30 09:39:59 EDT,2026-06-30T13:40:23Z,OK,233.0,201.5,10.3,1.8,0,25.9,721.6,en0,30411,https://www.speedtest.net/result/c/56c7b9ed-e067-4422-a7c4-e9fa086c154b
2026-06-30 10:10:24 EDT,2026-06-30T14:10:53Z,OK,272.7,212.1,12.0,70.4,0,179.7,173.5,en0,30411,https://www.speedtest.net/result/c/cfb8ee53-8fdd-4d9a-898f-1e95e3e94c9d
2026-06-30 10:40:55 EDT,2026-06-30T14:41:17Z,OK,258.5,212.4,16.2,6.4,0,29.8,838.5,en0,30411,https://www.speedtest.net/result/c/8274e188-fdd0-4d34-b11a-132d36df088b
2026-06-30 11:11:18 EDT,2026-06-30T15:11:49Z,OK,180.3,190.8,10.0,1.1,0,245.4,766.3,en0,30411,https://www.speedtest.net/result/c/45cc1cfd-ef8b-4668-8e1c-00492ddcf359
2026-06-30 11:41:50 EDT,2026-06-30T15:42:21Z,OK,245.3,135.8,9.7,1.5,0,215.1,747.9,en0,30411,https://www.speedtest.net/result/c/46c739c8-6b35-4970-9650-e74fcf72af48
2026-06-30 12:12:23 EDT,2026-06-30T16:12:43Z,OK,242.7,108.6,10.0,1.5,0,29.9,1149.4,en0,30411,https://www.speedtest.net/result/c/c62ae19c-6cd1-4de7-840b-1e154c8502b8
2026-06-30 12:42:45 EDT,2026-06-30T16:43:15Z,OK,228.0,134.4,9.3,2.6,0,488.4,821.1,en0,30411,https://www.speedtest.net/result/c/ab16eb37-e87f-45ef-8e9d-13ea25e41cb9
2026-06-30 13:13:18 EDT,2026-06-30T17:13:41Z,OK,244.8,137.0,10.0,1.5,0,159.7,789.2,en0,30411,https://www.speedtest.net/result/c/ba279e5a-8f9c-4c6c-92a3-f48ee6ed83a6
2026-06-30 13:43:43 EDT,2026-06-30T17:44:15Z,OK,202.4,60.7,28.9,45.9,0,315.4,1392.2,en0,30411,https://www.speedtest.net/result/c/1774a366-51b1-47da-8f16-cefa207960dd
2026-06-30 14:14:17 EDT,2026-06-30T18:14:38Z,OK,253.7,50.8,19.7,3.3,0,31.0,618.3,en0,30411,https://www.speedtest.net/result/c/beaf9e59-85d7-4d83-a60d-5311b3664df1
2026-06-30 14:44:40 EDT,2026-06-30T18:45:07Z,OK,215.4,146.8,11.0,111.8,0,150.1,465.7,en0,30411,https://www.speedtest.net/result/c/592756c2-64e7-416b-9ae2-b7105d2446d1
2026-06-30 15:15:08 EDT,2026-06-30T19:15:37Z,OK,239.9,150.3,91.8,96.7,0,147.7,1249.9,en0,30411,https://www.speedtest.net/result/c/c179dcf5-bc96-4ae2-b67e-33bec63ac94f
2026-06-30 15:45:39 EDT,2026-06-30T19:46:08Z,OK,169.6,141.0,9.9,1.3,0,206.8,677.8,en0,30411,https://www.speedtest.net/result/c/372b8572-d0fb-453e-9124-d9eee72e567f
2026-06-30 16:16:09 EDT,2026-06-30T20:16:38Z,OK,189.7,141.8,15.8,5.1,0,283.9,819.3,en0,30411,https://www.speedtest.net/result/c/1f6600d0-91d1-4fcb-8d7c-32230af6ae36
2026-06-30 16:46:39 EDT,2026-06-30T20:47:00Z,OK,264.7,127.0,19.7,2.3,0,265.9,2029.5,en0,30411,https://www.speedtest.net/result/c/4297918c-e12b-4286-9190-94b4e66435db
2026-06-30 17:17:01 EDT,2026-06-30T21:17:35Z,OK,200.4,174.4,12.6,2.5,0,180.2,621.4,en0,30411,https://www.speedtest.net/result/c/f28a36f1-0139-4484-b1fa-00399cc7da69
2026-06-30 17:47:36 EDT,2026-06-30T21:48:04Z,OK,253.1,169.1,14.0,66.5,0,164.9,931.3,en0,30411,https://www.speedtest.net/result/c/2210f46f-545d-4d2d-a806-5f5ada785015
2026-06-30 18:18:05 EDT,2026-06-30T22:18:36Z,OK,210.7,110.2,9.7,1.5,0,153.6,295.7,en0,30411,https://www.speedtest.net/result/c/b09d1298-a282-435f-b678-8f03363b5226
2026-06-30 18:48:38 EDT,2026-06-30T22:49:09Z,OK,194.2,152.3,10.0,1.3,0,223.8,1817.0,en0,30411,https://www.speedtest.net/result/c/5592d72a-41b4-4645-aafd-158e9afffe3b
2026-06-30 19:19:10 EDT,2026-06-30T23:19:42Z,OK,249.9,178.9,10.0,3.0,0,121.9,312.9,en0,30411,https://www.speedtest.net/result/c/e6bc16e4-1fad-44c4-a5aa-92d0f4dbfecd
2026-06-30 19:49:44 EDT,2026-06-30T23:50:08Z,OK,209.0,159.5,9.3,1.2,0,148.6,421.0,en0,30411,https://www.speedtest.net/result/c/8c798b3a-9d12-4dd9-8e45-805579d6feef
2026-06-30 20:20:10 EDT,2026-07-01T00:20:30Z,OK,231.8,143.2,19.1,2.5,0,27.3,615.9,en0,30411,https://www.speedtest.net/result/c/bdbced72-13dc-41de-970e-8268fdbc5bdb
2026-06-30 20:50:31 EDT,2026-07-01T00:51:02Z,OK,211.7,252.8,9.8,1.3,0,213.4,649.0,en0,30411,https://www.speedtest.net/result/c/7b5f82ee-d7cc-4726-8134-01a6c231e610
2026-06-30 21:21:04 EDT,2026-07-01T01:21:35Z,OK,223.4,219.7,10.3,5.2,0,165.9,519.2,en0,30411,https://www.speedtest.net/result/c/88f13598-2370-43fd-8b85-daea9ed38828
2026-06-30 21:51:36 EDT,2026-07-01T01:52:04Z,OK,293.6,266.2,30.5,40.8,0,226.9,858.8,en0,30411,https://www.speedtest.net/result/c/824c53e0-0eac-4c66-8e86-a080ce7ca537
2026-06-30 22:22:06 EDT,2026-07-01T02:22:35Z,OK,299.8,272.6,55.3,99.3,0,102.8,600.0,en0,30411,https://www.speedtest.net/result/c/35754f26-0485-48e8-8031-1e3b34d726e5
2026-07-01 05:26:26 EDT,2026-07-01T09:26:57Z,OK,244.0,263.3,56.7,90.3,0,169.2,698.8,en0,30411,https://www.speedtest.net/result/c/48194076-4653-4d2b-87ab-ac961f212eae
2026-07-01 05:57:00 EDT,2026-07-01T09:57:31Z,OK,307.1,232.0,140.9,78.5,0,319.0,760.3,en0,30411,https://www.speedtest.net/result/c/643ad4bb-23db-4f2d-9d07-33113dfed21a
2026-07-01 06:46:28 EDT,2026-07-01T10:46:59Z,OK,195.9,100.9,12.0,6.7,0,194.6,490.8,en0,30411,https://www.speedtest.net/result/c/f7378b89-4129-4215-b317-fa7714f54fc6
2026-07-01 07:36:24 EDT,,FAILED,,,,,,,,,30411,
2026-07-01 08:06:25 EDT,,FAILED,,,,,,,,,30411,
2026-07-01 17:37:07 EDT,,FAILED,,,,,,,,,30411,
2026-07-01 18:07:08 EDT,,FAILED,,,,,,,,,30411,
2026-07-01 20:25:36 EDT,2026-07-02T00:26:07Z,OK,222.4,274.7,10.0,2.1,0,248.0,437.5,en0,30411,https://www.speedtest.net/result/c/366f287c-88c8-42cc-95cf-92645b50bf33
2026-07-01 20:56:08 EDT,2026-07-02T00:56:40Z,OK,296.1,240.9,12.4,2.6,0.6993006993006993,187.8,810.3,en0,30411,https://www.speedtest.net/result/c/9b312226-82a2-471f-957a-33b597e05987
2026-07-01 21:26:43 EDT,2026-07-02T01:27:14Z,OK,259.4,191.2,37.2,59.7,0,201.9,1076.3,en0,30411,https://www.speedtest.net/result/c/56511c69-d317-48a2-b938-636b2349b1e9
2026-07-01 21:57:16 EDT,2026-07-02T01:57:45Z,OK,274.7,179.7,11.2,35.4,0,484.9,415.1,en0,30411,https://www.speedtest.net/result/c/4f5cfb7f-5108-42ba-8375-e4bbd87161b2
2026-07-01 22:27:47 EDT,2026-07-02T02:28:15Z,OK,230.6,221.4,52.3,117.2,0,157.0,738.9,en0,30411,https://www.speedtest.net/result/c/5bff7935-ed3b-44c1-ad8d-caddc1d7269c
2026-07-01 22:58:17 EDT,,FAILED,,,,,,,,,30411,
2026-07-02 05:29:19 EDT,2026-07-02T09:29:50Z,OK,308.4,246.3,19.7,0.8,0,187.3,673.5,en0,30411,https://www.speedtest.net/result/c/4c9deef3-948a-463b-99bf-7206624f18f0
2026-07-02 05:59:51 EDT,2026-07-02T10:00:23Z,OK,231.3,227.1,9.6,1.9,0,476.8,442.2,en0,30411,https://www.speedtest.net/result/c/13e0b960-efb0-4d1a-81b8-5fd6f8d38470
2026-07-02 07:34:45 EDT,,FAILED,,,,,,,,,30411,
2026-07-02 08:04:46 EDT,,FAILED,,,,,,,,,30411,
2026-07-02 13:19:25 EDT,,FAILED,,,,,,,,,30411,
2026-07-02 21:22:30 EDT,2026-07-03T01:22:58Z,OK,246.6,215.9,9.8,0.8,0,28.4,315.9,en0,30411,https://www.speedtest.net/result/c/1514316e-2fa6-4161-b75b-0425838bb153
2026-07-02 21:53:00 EDT,2026-07-03T01:53:32Z,OK,198.5,207.6,9.7,1.4,0,221.1,715.7,en0,30411,https://www.speedtest.net/result/c/77bbcfbd-7a8d-41e6-8e89-5a6e70be5c6e
2026-07-02 22:23:34 EDT,2026-07-03T02:24:05Z,OK,194.2,259.6,9.4,1.4,0,148.7,658.8,en0,30411,https://www.speedtest.net/result/c/ebfeeae7-3bc9-4dff-9575-b673967993cf
2026-07-02 22:54:06 EDT,2026-07-03T02:54:38Z,OK,213.7,247.8,11.8,2.3,0,276.6,575.7,en0,30411,https://www.speedtest.net/result/c/61aa9e3e-248e-4a7c-87f1-0352fa96ec05
2026-07-02 23:24:40 EDT,2026-07-03T03:25:11Z,OK,246.6,230.2,13.4,1.5,0.6944444444444444,400.2,1138.7,en0,30411,https://www.speedtest.net/result/c/ab4d54fe-adad-4a42-8659-040fa2810c51
2026-07-03 00:08:11 EDT,2026-07-03T04:08:33Z,OK,262.1,159.8,10.1,2.4,0,22.8,694.4,en0,30411,https://www.speedtest.net/result/c/87f897ca-5673-4f13-8fb2-3cb320765da6
2026-07-03 00:38:34 EDT,2026-07-03T04:39:05Z,OK,281.5,149.2,19.7,1.5,0,292.6,243.6,en0,30411,https://www.speedtest.net/result/c/ff1b9c2d-559c-4401-9223-5c305a36833b
2026-07-03 01:09:07 EDT,2026-07-03T05:09:36Z,OK,277.3,152.5,78.1,76.9,0,236.2,474.1,en0,30411,https://www.speedtest.net/result/c/6e218845-6804-4b45-847a-4544bdfeca05
2026-07-03 01:39:38 EDT,2026-07-03T05:40:02Z,OK,263.2,149.8,18.3,5.2,0,24.3,859.2,en0,30411,https://www.speedtest.net/result/c/35c74dd6-c702-4c1b-be15-b8f48cc486db
2026-07-03 02:25:41 EDT,2026-07-03T06:26:01Z,OK,305.6,170.0,16.6,8.5,0,31.0,528.2,en0,30411,https://www.speedtest.net/result/c/761e1002-d00d-41bb-a5aa-e4b293041695
2026-07-03 02:56:03 EDT,2026-07-03T06:56:34Z,OK,210.7,168.5,9.3,1.6,0,146.9,397.4,en0,30411,https://www.speedtest.net/result/c/a9c08e00-27e9-468a-a113-dee4abeac9c4
2026-07-03 03:30:14 EDT,2026-07-03T07:30:45Z,OK,226.3,155.5,10.0,1.1,0,350.4,1109.8,en0,30411,https://www.speedtest.net/result/c/1e9634c5-6029-4333-8b0e-306d5bb5ee4f
2026-07-03 04:00:47 EDT,2026-07-03T08:01:15Z,OK,263.1,150.5,90.9,86.2,0,314.3,524.5,en0,30411,https://www.speedtest.net/result/c/00358f3e-2951-4b50-a23d-7ab357e403d2
2026-07-03 04:46:32 EDT,2026-07-03T08:46:55Z,OK,248.1,157.2,10.0,1.5,0,36.4,426.5,en0,30411,https://www.speedtest.net/result/c/400e043f-009d-47b8-a291-fc937b3db3fc
2026-07-03 05:16:57 EDT,2026-07-03T09:17:17Z,OK,255.8,162.4,9.3,1.0,0,29.0,619.2,en0,30411,https://www.speedtest.net/result/c/dc4aeb19-9b53-44a3-8374-0bf99b3dc38e
2026-07-03 05:47:18 EDT,2026-07-03T09:47:48Z,OK,257.5,159.8,54.2,93.0,0,228.3,585.1,en0,30411,https://www.speedtest.net/result/c/eef9ff0a-1d1f-4f12-8eab-30cf226310eb
2026-07-03 06:17:50 EDT,2026-07-03T10:18:21Z,OK,228.5,145.3,10.0,1.2,0,236.7,414.7,en0,30411,https://www.speedtest.net/result/c/1b38e700-4404-4193-876f-11c2e1dc6f3d
2026-07-03 06:53:21 EDT,2026-07-03T10:53:52Z,OK,254.2,137.8,13.0,15.2,0,234.0,605.2,en0,30411,https://www.speedtest.net/result/c/dbf303e3-f091-44e6-8382-c0e55c95dd1d
2026-07-03 07:23:54 EDT,2026-07-03T11:24:18Z,OK,266.1,151.1,40.1,54.3,0,60.3,452.1,en0,30411,https://www.speedtest.net/result/c/edcb59dc-79ff-45c2-a336-8d52769f18c8
2026-07-03 07:54:19 EDT,2026-07-03T11:54:50Z,OK,302.4,162.2,13.8,66.7,0,210.7,617.8,en0,30411,https://www.speedtest.net/result/c/a9a7483e-79a0-4858-96d0-4b4f0cc8e4c0
2026-07-03 09:06:32 EDT,2026-07-03T13:07:01Z,OK,149.3,29.0,19.6,0.7,0,181.2,2465.6,en0,30411,https://www.speedtest.net/result/c/c4421ca0-3189-4020-bec4-f45b9c9d09a9
2026-07-03 14:49:43 EDT,2026-07-03T18:50:12Z,OK,235.9,115.1,9.6,32.9,0,148.3,1058.7,en0,30411,https://www.speedtest.net/result/c/54795167-e0e3-4b31-aa3b-856231a13ed8
2026-07-03 17:56:30 EDT,2026-07-03T21:57:25Z,OK,126.0,181.1,9.5,0.8,0,773.4,507.2,en0,30411,https://www.speedtest.net/result/c/2e647b40-f186-4916-a0a2-00875509b20d
2026-07-03 22:43:28 EDT,,FAILED,,,,,,,,,30411,
2026-07-03 23:13:28 EDT,,FAILED,,,,,,,,,30411,
2026-07-03 23:43:29 EDT,,FAILED,,,,,,,,,30411,
2026-07-04 00:13:29 EDT,,FAILED,,,,,,,,,30411,
2026-07-04 06:47:43 EDT,,FAILED,,,,,,,,,30411,
2026-07-04 09:35:20 EDT,,FAILED,,,,,,,,,30411,
2026-07-04 11:23:15 EDT,,FAILED,,,,,,,,,30411,
2026-07-04 14:55:12 EDT,,FAILED,,,,,,,,,30411,
2026-07-04 17:08:28 EDT,,FAILED,,,,,,,,,30411,
2026-07-04 21:09:09 EDT,,FAILED,,,,,,,,,30411,
2026-07-04 22:00:36 EDT,,FAILED,,,,,,,,,30411,
2026-07-04 22:35:11 EDT,,FAILED,,,,,,,,,30411,
2026-07-05 04:54:02 EDT,,FAILED,,,,,,,,,30411,
2026-07-05 05:24:02 EDT,,FAILED,,,,,,,,,30411,
2026-07-05 05:54:02 EDT,,FAILED,,,,,,,,,30411,
2026-07-05 06:24:03 EDT,,FAILED,,,,,,,,,30411,
2026-07-05 10:01:26 EDT,,FAILED,,,,,,,,,30411,
2026-07-05 15:47:21 EDT,,FAILED,,,,,,,,,30411,
2026-07-05 19:42:44 EDT,2026-07-05T23:43:13Z,OK,206.1,34.0,51.2,68.9,0,447.5,1675.3,en0,30411,https://www.speedtest.net/result/c/5631e1eb-1f1b-40a5-8e9e-fc7105873f55
2026-07-05 21:03:38 EDT,2026-07-06T01:04:09Z,OK,201.1,114.8,20.0,0.7,0,268.9,588.5,en0,30411,https://www.speedtest.net/result/c/49fb4846-69b7-4929-b9e2-1737e7b4e61a
2026-07-05 21:41:33 EDT,2026-07-06T01:42:21Z,OK,203.5,16.4,29.5,46.4,4.597701149425287,2304.6,757.0,en0,30411,https://www.speedtest.net/result/c/a29aa6c8-dace-40ec-b821-4f662c445a56
2026-07-06 02:49:01 EDT,2026-07-06T06:49:35Z,OK,135.8,63.0,19.4,4.3,0,234.2,1178.1,en0,30411,https://www.speedtest.net/result/c/c5a51b1f-d98d-49e7-bcdd-1d1c3e05c9b2
2026-07-06 05:42:17 EDT,2026-07-06T09:42:48Z,OK,150.7,142.5,19.8,0.6,0,488.6,534.8,en0,30411,https://www.speedtest.net/result/c/2e29f359-4424-4c04-bb5c-8240cbe50dbc
2026-07-06 06:12:49 EDT,2026-07-06T10:13:14Z,OK,302.9,157.4,20.0,0.7,0,263.3,730.2,en0,30411,https://www.speedtest.net/result/c/cb941ad4-1755-4a7e-9070-b7fb7603b173
2026-07-06 06:43:16 EDT,2026-07-06T10:43:46Z,OK,228.3,109.8,19.1,3.1,0,163.1,685.0,en0,30411,https://www.speedtest.net/result/c/35dca20f-a0d9-45dd-a4e7-35563f9c7aa7
2026-07-06 10:35:13 EDT,,FAILED,,,,,,,,,30411,
2026-07-06 11:13:12 EDT,,FAILED,,,,,,,,,30411,
2026-07-06 11:43:13 EDT,,FAILED,,,,,,,,,30411,
2026-07-06 12:13:13 EDT,,FAILED,,,,,,,,,30411,
2026-07-06 12:43:14 EDT,,FAILED,,,,,,,,,30411,
2026-07-06 13:13:14 EDT,,FAILED,,,,,,,,,30411,
2026-07-06 13:43:14 EDT,,FAILED,,,,,,,,,30411,
2026-07-06 14:13:14 EDT,,FAILED,,,,,,,,,30411,
2026-07-06 14:43:15 EDT,,FAILED,,,,,,,,,30411,
2026-07-06 15:13:53 EDT,,FAILED,,,,,,,,,30411,
2026-07-06 21:38:48 EDT,2026-07-07T01:45:18Z,OK,104.1,16.1,19.7,1.1,0,32.3,698.3,en0,30411,https://www.speedtest.net/result/c/8a1b3daa-bc8c-45aa-9d22-ed436b50d9c7
2026-07-07 10:06:02 EDT,2026-07-07T14:06:33Z,OK,153.4,91.7,19.7,5.6,0,369.1,1524.3,en0,30411,https://www.speedtest.net/result/c/1092a302-6f00-42b6-b570-7fb689db0611
2026-07-07 10:36:35 EDT,2026-07-07T14:36:57Z,OK,175.3,78.3,19.7,1.3,0,46.4,582.7,en0,30411,https://www.speedtest.net/result/c/05e4f3fb-a6ca-470d-9eda-9fb81a2d8cbe
2026-07-07 11:06:59 EDT,2026-07-07T15:07:30Z,OK,212.4,88.3,19.7,1.0,0,151.9,580.5,en0,30411,https://www.speedtest.net/result/c/d50da70e-3f62-42eb-b71d-01ce5917a501
2026-07-07 11:37:33 EDT,2026-07-07T15:38:02Z,OK,167.6,59.8,19.5,1.3,0,256.8,973.5,en0,30411,https://www.speedtest.net/result/c/db6090ed-9b7e-45d5-8d59-1941ecb0a972
2026-07-07 12:24:42 EDT,2026-07-07T16:25:10Z,OK,171.0,36.0,58.2,96.1,0,211.5,2642.7,en0,30411,https://www.speedtest.net/result/c/9998f5ea-82b9-42f3-8722-84257d2901c8
2026-07-07 12:55:12 EDT,2026-07-07T16:55:43Z,OK,164.0,65.3,19.5,0.7,0,246.0,1492.5,en0,30411,https://www.speedtest.net/result/c/6fab9256-99e2-457f-9c9f-d7d790317258
2026-07-07 14:42:53 EDT,2026-07-07T18:43:24Z,OK,188.3,95.6,12.8,5.5,0,180.6,565.8,en0,30411,https://www.speedtest.net/result/c/a85a8f51-117a-4568-8576-529eea5d1110
2026-07-07 15:13:26 EDT,2026-07-07T19:13:57Z,OK,167.6,90.6,12.6,4.8,0,221.4,755.6,en0,30411,https://www.speedtest.net/result/c/dbc0feea-3a89-4fad-8f6c-08804cd3cfb7
2026-07-07 15:43:59 EDT,2026-07-07T19:44:31Z,OK,211.3,93.1,10.9,68.3,0,166.9,495.2,en0,30411,https://www.speedtest.net/result/c/6036310d-d6d3-485b-93eb-0e61c69ac5f5
2026-07-07 16:14:33 EDT,2026-07-07T20:15:04Z,OK,187.4,101.6,19.6,1.5,0,191.3,219.6,en0,30411,https://www.speedtest.net/result/c/44c9d55f-3a69-4dcd-8fc7-d9356e6edf49
2026-07-07 16:45:06 EDT,2026-07-07T20:45:36Z,OK,210.2,78.5,10.6,2.8,0,329.0,667.7,en0,30411,https://www.speedtest.net/result/c/e5330eab-51d9-42b8-bb6b-f9a33bf1adaf
2026-07-07 17:15:39 EDT,2026-07-07T21:15:59Z,OK,225.7,42.0,19.8,0.6,0,30.0,727.9,en0,30411,https://www.speedtest.net/result/c/5de285e3-ee21-4ba4-aaef-e5963f2f56e2
2026-07-07 17:47:05 EDT,2026-07-07T21:47:36Z,OK,187.8,66.4,18.3,62.3,0,587.5,880.2,en0,30411,https://www.speedtest.net/result/c/fc4d8d9e-848a-45de-859a-b76599f44b25
2026-07-07 18:27:04 EDT,2026-07-07T22:27:35Z,OK,199.6,84.9,19.7,1.3,0,243.3,512.5,en0,30411,https://www.speedtest.net/result/c/37053290-c4b4-4ede-bb19-8fe5da7328f5
2026-07-07 18:57:36 EDT,2026-07-07T22:58:03Z,OK,212.3,87.5,19.4,0.7,0,198.4,935.9,en0,30411,https://www.speedtest.net/result/c/24a5637e-5791-4924-a635-930fafaa1af7
2026-07-07 20:23:43 EDT,2026-07-08T00:24:10Z,OK,190.8,104.4,42.1,61.3,0,184.6,703.9,en0,30411,https://www.speedtest.net/result/c/18e876e0-6720-4fe1-9c17-2af597c44bbb
2026-07-07 20:54:11 EDT,2026-07-08T00:54:41Z,OK,211.7,112.9,28.0,36.8,0,266.1,514.3,en0,30411,https://www.speedtest.net/result/c/19645cfd-451e-4c2c-b079-1fed451d4836
2026-07-07 21:24:43 EDT,2026-07-08T01:25:14Z,OK,189.4,83.7,52.7,100.2,0,140.2,1098.8,en0,30411,https://www.speedtest.net/result/c/1eeec0a2-f04c-402b-a71b-936daf8c6dd2
2026-07-07 21:55:15 EDT,2026-07-08T01:55:32Z,OK,204.0,114.0,10.0,1.6,0,35.0,455.5,en0,30411,https://www.speedtest.net/result/c/dd677331-fae1-4cec-82da-8ac98ce13251
2026-07-07 22:25:33 EDT,2026-07-08T02:25:59Z,OK,236.3,115.6,19.9,2.2,0,37.3,446.5,en0,30411,https://www.speedtest.net/result/c/c225484a-8fae-46de-8da9-c674d1b86331
2026-07-08 06:02:06 EDT,2026-07-08T10:02:23Z,OK,246.9,119.4,11.4,2.8,0,22.1,459.4,en0,30411,https://www.speedtest.net/result/c/e52bfc06-73b5-4995-ba4d-e1ea877b5371
2026-07-08 06:32:24 EDT,2026-07-08T10:32:41Z,OK,244.6,126.7,9.8,0.9,0,30.4,491.1,en0,30411,https://www.speedtest.net/result/c/00e0613a-4adb-40e3-9ddb-031a984bb9ae
2026-07-08 07:02:43 EDT,2026-07-08T11:03:01Z,OK,215.3,117.9,19.7,0.9,0,388.9,448.1,en0,30411,https://www.speedtest.net/result/c/727541af-8c25-466d-9c38-7f76016c64f3
2026-07-08 07:33:03 EDT,2026-07-08T11:33:22Z,OK,254.6,116.2,19.6,2.0,0,27.2,431.6,en0,30411,https://www.speedtest.net/result/c/e4048b2b-34e5-49a6-b79a-affe634b811a
2026-07-08 08:03:24 EDT,2026-07-08T12:03:44Z,OK,221.0,98.4,9.7,0.6,0,30.6,196.7,en0,30411,https://www.speedtest.net/result/c/5656db59-15bb-468a-bd73-56bc7caf39c5
2026-07-08 08:56:16 EDT,2026-07-08T12:56:46Z,OK,187.1,8.8,19.8,2.1,0,290.8,3364.7,en0,30411,https://www.speedtest.net/result/c/a016a13c-1515-406a-839e-ed238027cd87
2026-07-08 09:26:48 EDT,2026-07-08T13:27:07Z,OK,220.0,171.4,13.1,5.8,0,28.7,458.2,en0,30411,https://www.speedtest.net/result/c/1aac1dca-d84f-45ab-a0fb-c182761b799a
2026-07-08 09:57:08 EDT,2026-07-08T13:57:28Z,OK,230.0,164.7,10.7,2.7,0,26.3,153.5,en0,30411,https://www.speedtest.net/result/c/52ff577c-60d6-4b1d-809b-a6876a76f80a
2026-07-08 10:42:39 EDT,2026-07-08T14:43:04Z,OK,189.8,38.9,9.3,1.0,0,81.1,567.2,en0,30411,https://www.speedtest.net/result/c/720c164c-fcd0-4d96-b384-15c49bf838c5
2026-07-08 11:46:15 EDT,2026-07-08T15:46:32Z,OK,234.4,125.5,9.8,1.1,0,29.4,153.3,en0,30411,https://www.speedtest.net/result/c/de960447-46cf-487b-8523-03a6a856da74
2026-07-08 12:16:33 EDT,2026-07-08T16:16:51Z,OK,225.1,130.1,9.3,1.5,0,30.7,59.0,en0,30411,https://www.speedtest.net/result/c/f56e5c87-4453-49d8-bec3-060398d565c6
2026-07-08 12:46:52 EDT,2026-07-08T16:47:20Z,OK,222.8,115.4,19.9,4.6,0,31.3,510.9,en0,30411,https://www.speedtest.net/result/c/b720b330-50c3-4885-8891-2f2edb8f4f53
2026-07-08 13:17:21 EDT,2026-07-08T17:17:37Z,OK,236.5,131.9,19.3,3.0,0,35.8,435.1,en0,30411,https://www.speedtest.net/result/c/bb37e52d-c17b-4120-9f09-c2869b7c3faf
2026-07-08 13:47:39 EDT,2026-07-08T17:48:00Z,OK,183.5,153.9,9.8,1.6,0,59.1,438.4,en0,30411,https://www.speedtest.net/result/c/6a408af0-7183-48e3-b06e-9b7a3296d269
2026-07-08 14:18:01 EDT,2026-07-08T18:18:20Z,OK,210.9,139.1,9.4,1.1,0,25.7,198.6,en0,30411,https://www.speedtest.net/result/c/499ebb61-449b-43bf-9abd-64129ac945dc
2026-07-08 14:48:21 EDT,2026-07-08T18:48:42Z,OK,221.6,101.8,9.8,1.4,0,227.3,503.0,en0,30411,https://www.speedtest.net/result/c/cae4abae-c132-4b6e-8ded-c3cb19249f29
2026-07-08 15:56:57 EDT,,FAILED,,,,,,,,,30411,
2026-07-08 18:36:42 EDT,2026-07-08T22:37:08Z,OK,226.0,284.1,10.0,1.0,0,26.6,378.6,en0,30411,https://www.speedtest.net/result/c/fd6e47fc-10b7-4dc2-9ee3-53d20c5da03f
2026-07-08 19:07:10 EDT,2026-07-08T23:07:33Z,OK,213.1,150.2,9.4,1.5,0,33.8,426.5,en0,30411,https://www.speedtest.net/result/c/75971b1a-5e6b-4189-b774-d222c75387d3
2026-07-08 19:37:35 EDT,2026-07-08T23:37:55Z,OK,275.2,185.4,19.6,1.4,0,28.2,67.7,en0,30411,https://www.speedtest.net/result/c/9764107a-624b-4bae-9abc-cf1a06f6941e
2026-07-08 20:07:57 EDT,2026-07-09T00:08:13Z,OK,227.4,192.1,9.5,1.6,0,24.8,33.4,en0,30411,https://www.speedtest.net/result/c/7381c9de-4322-46b9-9f7a-d291395e5b94
2026-07-08 20:48:01 EDT,2026-07-09T00:48:27Z,OK,301.7,286.4,19.7,2.6,0,236.8,382.7,en0,30411,https://www.speedtest.net/result/c/8e425ced-02fa-455b-ac82-4c97e1048aeb
2026-07-08 21:18:28 EDT,2026-07-09T01:18:45Z,OK,301.3,270.4,9.9,1.0,0,33.7,379.8,en0,30411,https://www.speedtest.net/result/c/a13094ee-fe1e-414a-9fa9-42515e4a59ce
2026-07-08 21:48:46 EDT,2026-07-09T01:49:01Z,OK,232.9,173.4,19.3,4.4,0,32.2,419.0,en0,30411,https://www.speedtest.net/result/c/3547f8ff-2767-4afb-ab14-27653b4b2161
2026-07-08 22:19:03 EDT,2026-07-09T02:19:23Z,OK,237.7,154.1,10.0,1.2,0,21.8,195.7,en0,30411,https://www.speedtest.net/result/c/98e924fd-6028-4886-91d0-12abf7267ae9
2026-07-08 23:14:30 EDT,2026-07-09T03:14:46Z,OK,219.6,146.0,10.0,0.7,0,24.5,193.5,en0,30411,https://www.speedtest.net/result/c/1bec2993-d68c-4e6a-bf71-7b78dc755217
2026-07-08 23:44:48 EDT,2026-07-09T03:45:01Z,OK,255.6,145.7,19.0,3.3,0,30.7,38.4,en0,30411,https://www.speedtest.net/result/c/4a42d927-8fab-46dc-acd9-6f44f1ecd946
2026-07-09 00:15:03 EDT,2026-07-09T04:15:21Z,OK,199.0,152.8,10.0,1.3,0,17.9,403.4,en0,30411,https://www.speedtest.net/result/c/e26b9cd2-6fc8-4cfd-905a-e9fcd1fe3d41
2026-07-09 00:45:22 EDT,2026-07-09T04:45:42Z,OK,232.8,157.6,19.0,3.9,0,36.8,160.4,en0,30411,https://www.speedtest.net/result/c/7247cd4e-39d1-4b64-bfc0-294e67271e7c
2026-07-09 01:15:43 EDT,2026-07-09T05:15:59Z,OK,231.6,154.0,18.5,3.3,0,25.4,49.4,en0,30411,https://www.speedtest.net/result/c/d717ef8d-8c30-4899-ae5e-3ceaba4be6ab
2026-07-09 01:46:30 EDT,2026-07-09T05:46:45Z,OK,215.7,154.8,9.9,3.3,0,32.6,401.2,en0,30411,https://www.speedtest.net/result/c/36de68ff-fbf0-4ea7-b635-12d3031d25c0
2026-07-09 02:16:47 EDT,2026-07-09T06:17:08Z,OK,238.3,150.9,13.6,4.4,0,36.0,432.8,en0,30411,https://www.speedtest.net/result/c/4929e5a6-3522-4087-8246-6cad2f84be96
2026-07-09 02:47:10 EDT,2026-07-09T06:47:27Z,OK,250.5,160.2,16.9,2.9,0,236.8,409.5,en0,30411,https://www.speedtest.net/result/c/91f00116-3785-41a5-a9c1-90b33d75d3a7
2026-07-09 03:17:38 EDT,2026-07-09T07:17:52Z,OK,234.5,159.9,13.5,4.5,0,29.3,411.1,en0,30411,https://www.speedtest.net/result/c/ec049b67-c4e7-4d1b-b072-b19842517bf5
2026-07-09 03:47:54 EDT,2026-07-09T07:48:14Z,OK,241.0,156.2,15.5,6.0,0,33.0,436.8,en0,30411,https://www.speedtest.net/result/c/b23fec47-d423-40c4-8310-84a79587b4dd
2026-07-09 04:18:15 EDT,2026-07-09T08:18:31Z,OK,241.7,159.4,10.0,0.8,0,23.3,177.6,en0,30411,https://www.speedtest.net/result/c/4dcadd6d-e916-4791-bac3-9afbb7a7f8d2
2026-07-09 05:03:50 EDT,2026-07-09T09:04:14Z,OK,227.1,160.5,10.0,1.1,1.7241379310344827,34.7,446.1,en0,30411,https://www.speedtest.net/result/c/1c2e29a9-2703-4048-9fd5-d7c9b449ce65
2026-07-09 05:34:15 EDT,2026-07-09T09:34:38Z,OK,243.3,107.4,20.5,1.4,0,27.2,425.8,en0,30411,https://www.speedtest.net/result/c/51682fe7-1d12-4212-8fc7-34b516336f23
2026-07-09 06:04:40 EDT,2026-07-09T10:05:07Z,OK,217.8,124.5,19.4,2.7,0,48.0,389.7,en0,30411,https://www.speedtest.net/result/c/59a5e2fc-6e81-4d7f-8838-5630c28c6c1a
2026-07-09 06:51:10 EDT,2026-07-09T10:51:29Z,OK,232.1,166.0,9.3,1.0,0,31.3,405.0,en0,30411,https://www.speedtest.net/result/c/20de107c-8b15-4c6d-88a4-ece4a9c28828
2026-07-09 07:21:31 EDT,2026-07-09T11:21:51Z,OK,278.5,52.3,9.8,1.2,0,36.3,568.2,en0,30411,https://www.speedtest.net/result/c/e706d3b3-8a87-43b3-852a-bf0f3fefb66f
2026-07-09 08:50:01 EDT,2026-07-09T12:50:27Z,OK,289.8,266.8,19.7,2.6,0,29.3,384.3,en0,30411,https://www.speedtest.net/result/c/93a56d10-585d-4190-b854-df8845d7ebad
2026-07-09 12:18:55 EDT,2026-07-09T16:19:13Z,OK,263.5,199.0,10.0,1.3,0,25.4,38.0,en0,30411,https://www.speedtest.net/result/c/629ed14f-ae05-412f-ac53-1c79528551e7
2026-07-09 12:49:15 EDT,2026-07-09T16:49:35Z,OK,227.7,233.5,9.9,1.5,0,21.0,381.2,en0,30411,https://www.speedtest.net/result/c/cdca62fb-38d5-4288-b4c5-473e1b59132c
2026-07-09 13:19:37 EDT,2026-07-09T17:19:57Z,OK,260.3,172.7,19.7,0.5,0,30.9,426.2,en0,30411,https://www.speedtest.net/result/c/bf9df2e0-39d2-42e0-95ba-de5fe8c38a75
2026-07-09 13:49:59 EDT,2026-07-09T17:50:18Z,OK,219.0,193.2,16.7,4.6,1.3333333333333333,30.8,454.3,en0,30411,https://www.speedtest.net/result/c/201704c5-bce3-40bc-b26d-d02e910ce76c
2026-07-09 14:20:20 EDT,2026-07-09T18:20:43Z,OK,297.8,285.5,10.0,1.5,0,39.9,455.4,en0,30411,https://www.speedtest.net/result/c/1c6649ec-1b99-4f1b-a892-71b684840017
2026-07-09 14:50:45 EDT,2026-07-09T18:51:08Z,OK,207.2,319.3,19.4,3.8,0,26.3,145.5,en0,30411,https://www.speedtest.net/result/c/522a8f6a-d42f-47fe-af7a-c63d3ae93cf6
2026-07-09 15:21:10 EDT,2026-07-09T19:21:36Z,OK,168.1,190.5,15.8,3.7,0,43.4,399.8,en0,30411,https://www.speedtest.net/result/c/358ffacb-fa2f-43a3-85d3-5bb6f805bdb7
2026-07-09 15:51:40 EDT,2026-07-09T19:51:54Z,OK,215.8,188.2,10.0,1.3,0,17.4,416.7,en0,30411,https://www.speedtest.net/result/c/a4de82d7-e7aa-4500-baf2-b56f41520a79
2026-07-09 16:21:56 EDT,2026-07-09T20:22:15Z,OK,254.3,196.0,10.0,2.7,0,234.8,177.0,en0,30411,https://www.speedtest.net/result/c/2f9d1d84-04ef-4bc8-ac97-b35627092f02
2026-07-09 16:52:16 EDT,2026-07-09T20:52:33Z,OK,278.9,190.2,10.0,1.3,0,23.2,422.7,en0,30411,https://www.speedtest.net/result/c/0fa7b6b8-da40-4fe6-a6a9-5bba8748bf0d
2026-07-09 17:22:35 EDT,2026-07-09T21:22:57Z,OK,254.5,183.8,9.7,0.6,0,237.5,50.3,en0,30411,https://www.speedtest.net/result/c/d716f14f-85f0-4721-a319-7fb5f13f6279
2026-07-09 17:52:59 EDT,2026-07-09T21:53:24Z,OK,281.1,194.6,9.7,1.5,0,25.8,45.4,en0,30411,https://www.speedtest.net/result/c/3e8b27c8-3120-4a77-ac0c-03b88e536abd
2026-07-09 18:23:26 EDT,2026-07-09T22:23:44Z,OK,227.6,163.1,9.9,1.2,0,28.3,408.6,en0,30411,https://www.speedtest.net/result/c/05e4ad1f-d233-4e33-922b-11825ff7006c
2026-07-09 18:53:46 EDT,2026-07-09T22:54:08Z,OK,191.7,31.5,10.0,1.5,0,108.3,828.1,en0,30411,https://www.speedtest.net/result/c/fe620e02-afd5-4d9d-ba7f-4deca94ec29b
2026-07-09 19:24:10 EDT,2026-07-09T23:24:33Z,OK,247.3,201.7,10.0,1.5,0,19.2,167.4,en0,30411,https://www.speedtest.net/result/c/92b1c27b-e52c-494c-bf8c-621e812b1add
2026-07-09 19:54:35 EDT,2026-07-09T23:54:58Z,OK,217.2,175.8,10.1,1.6,0,35.0,48.3,en0,30411,https://www.speedtest.net/result/c/0cd02154-46b6-4de9-b305-bc8936799ee9
2026-07-10 04:56:42 EDT,2026-07-10T08:57:03Z,OK,191.5,97.6,15.5,6.2,1.0416666666666667,56.5,906.9,en0,30411,https://www.speedtest.net/result/c/abe5104f-aab6-4ffb-b474-aceacff1ea90
2026-07-10 05:27:05 EDT,2026-07-10T09:27:20Z,OK,242.4,135.9,13.1,3.5,0,34.2,402.0,en0,30411,https://www.speedtest.net/result/c/2198cdcd-a6ad-4e81-a799-9eff9e826558
2026-07-10 05:57:22 EDT,2026-07-10T09:57:37Z,OK,191.4,130.1,9.9,1.5,0,44.4,425.3,en0,30411,https://www.speedtest.net/result/c/3302540c-0d8d-4500-b970-a145d20f3332
2026-07-10 06:27:39 EDT,2026-07-10T10:27:54Z,OK,242.5,138.2,19.7,1.3,0,29.1,161.3,en0,30411,https://www.speedtest.net/result/c/872b2f2b-6573-4468-8774-b34cd18a6667
2026-07-10 06:57:56 EDT,2026-07-10T10:58:13Z,OK,245.3,137.3,11.3,3.9,0,27.8,497.2,en0,30411,https://www.speedtest.net/result/c/290a024f-a7a1-4457-b4d3-ec059aa42d50
2026-07-10 08:25:26 EDT,2026-07-10T12:25:40Z,OK,160.6,60.3,15.2,4.4,0,97.8,210.7,en0,30411,https://www.speedtest.net/result/c/6dc15c6b-199a-4272-adbd-02bf32ff5f7b
2026-07-10 09:12:34 EDT,2026-07-10T13:12:54Z,OK,217.3,151.2,9.9,1.5,0,40.1,33.6,en0,30411,https://www.speedtest.net/result/c/2f6a494f-7112-4bb8-8e18-7015b4334b6e
2026-07-10 09:42:56 EDT,2026-07-10T13:43:18Z,OK,203.6,112.7,10.8,6.7,0,38.5,434.4,en0,30411,https://www.speedtest.net/result/c/fbcd5739-f5e8-4623-984e-e95a27354731
2026-07-10 14:00:49 EDT,2026-07-10T18:01:08Z,OK,288.4,298.1,10.7,3.9,0,26.3,369.3,en0,30411,https://www.speedtest.net/result/c/b446aebc-5636-4cf0-b243-87e3f89e72c9
2026-07-10 15:23:50 EDT,2026-07-10T19:24:19Z,OK,174.9,167.5,19.6,0.5,1.0638297872340425,194.5,151.8,en0,30411,https://www.speedtest.net/result/c/b51a5ca0-28bc-4ad6-84ee-f16fe7a9bbd3
2026-07-10 21:50:42 EDT,,FAILED,,,,,,,,,30411,
2026-07-11 05:30:28 EDT,2026-07-11T09:30:50Z,OK,246.2,126.1,19.7,1.0,0,65.1,617.2,en0,30411,https://www.speedtest.net/result/c/d8f44b1e-56b5-4346-a147-e69ea9879c11
2026-07-11 06:00:52 EDT,2026-07-11T10:01:13Z,OK,251.0,178.5,9.2,1.7,0,37.5,181.5,en0,30411,https://www.speedtest.net/result/c/0368847b-dd14-44a6-bad1-d8da097d6b46
2026-07-11 06:31:15 EDT,2026-07-11T10:31:37Z,OK,231.8,99.7,11.1,5.8,0,26.7,187.8,en0,30411,https://www.speedtest.net/result/c/0100a405-0a45-401e-b744-c57968b566af
2026-07-11 07:01:38 EDT,2026-07-11T11:02:00Z,OK,142.2,85.2,10.5,4.5,0,105.6,532.1,en0,30411,https://www.speedtest.net/result/c/0732ed24-aa41-4b5b-a6d7-30733538c102
2026-07-11 07:32:01 EDT,2026-07-11T11:32:23Z,OK,175.9,113.1,11.5,1.8,0,21.0,456.6,en0,30411,https://www.speedtest.net/result/c/2db1b2eb-5673-4b82-bc0e-69af02cf5c0a
2026-07-11 08:02:25 EDT,2026-07-11T12:02:42Z,OK,209.6,136.1,10.2,1.1,0,56.8,460.9,en0,30411,https://www.speedtest.net/result/c/b02cc352-5e7a-446e-bce1-3efe7bcfb914
2026-07-11 08:32:44 EDT,2026-07-11T12:33:04Z,OK,306.1,128.5,19.6,2.4,0,196.8,563.5,en0,30411,https://www.speedtest.net/result/c/2713763f-7ada-4231-9e16-b3fc67f9398e
2026-07-11 09:03:05 EDT,2026-07-11T13:03:25Z,OK,253.7,131.0,19.6,2.3,0,23.9,56.1,en0,30411,https://www.speedtest.net/result/c/daf420ca-07cd-4fff-8d9c-7957d33b4254
2026-07-11 09:33:27 EDT,2026-07-11T13:33:47Z,OK,206.6,123.0,15.4,7.9,0,21.9,440.2,en0,30411,https://www.speedtest.net/result/c/34113115-2703-47f0-8cd1-725fb5d23b1e
2026-07-11 10:18:06 EDT,2026-07-11T14:18:22Z,OK,237.6,125.7,10.0,1.6,0,27.4,172.4,en0,30411,https://www.speedtest.net/result/c/505b2f9c-4223-416c-8f6b-9628bb2854d3
2026-07-11 10:48:23 EDT,2026-07-11T14:48:40Z,OK,207.1,107.0,9.7,0.3,0,46.1,398.4,en0,30411,https://www.speedtest.net/result/c/b95798dd-288c-4034-934e-2f1095449cc9
2026-07-11 11:18:42 EDT,2026-07-11T15:19:02Z,OK,177.0,127.8,19.2,1.5,0,199.8,192.7,en0,30411,https://www.speedtest.net/result/c/fafe4e8b-9f9e-4cb1-98eb-22d4c9d6c461
2026-07-11 11:49:04 EDT,2026-07-11T15:49:35Z,OK,201.5,4.0,10.8,4.9,0,248.7,1736.4,en0,30411,https://www.speedtest.net/result/c/702e148a-7651-4b8c-9b90-e9e98a73b7d6
2026-07-11 12:19:40 EDT,2026-07-11T16:20:01Z,OK,208.0,98.5,19.8,1.4,0,43.4,546.9,en0,30411,https://www.speedtest.net/result/c/9a0a9ac3-466b-40f0-96fc-3280d14bcb03
2026-07-11 12:50:03 EDT,2026-07-11T16:50:22Z,OK,192.5,100.2,19.3,1.3,0,237.5,149.7,en0,30411,https://www.speedtest.net/result/c/aba7cd9f-4b6e-4988-ab0a-0fd604bf7e73
2026-07-11 13:20:23 EDT,2026-07-11T17:20:40Z,OK,216.1,99.0,20.4,1.6,0,41.2,193.4,en0,30411,https://www.speedtest.net/result/c/c881765c-e423-4e1a-8b57-2154a676d728
2026-07-11 13:50:41 EDT,2026-07-11T17:51:02Z,OK,194.8,98.4,20.0,2.4,0,25.5,522.5,en0,30411,https://www.speedtest.net/result/c/0820f322-d303-4848-8226-403359ed8d15
2026-07-11 14:21:04 EDT,2026-07-11T18:21:24Z,OK,186.4,97.1,19.7,0.8,0,50.3,484.4,en0,30411,https://www.speedtest.net/result/c/d64fbb5f-ab26-4e15-bde6-c45ebb57cae8
2026-07-11 14:51:25 EDT,2026-07-11T18:51:45Z,OK,196.5,95.4,19.7,1.0,0,40.3,523.6,en0,30411,https://www.speedtest.net/result/c/90c7e507-8d8a-44d7-b313-7f236101496b
2026-07-11 15:21:47 EDT,2026-07-11T19:22:08Z,OK,168.3,79.5,19.4,1.9,0,64.1,507.7,en0,30411,https://www.speedtest.net/result/c/5b731011-3419-4a9d-b189-31733d57be51
2026-07-11 15:52:09 EDT,2026-07-11T19:52:23Z,OK,189.9,77.0,19.7,0.7,0,43.5,460.9,en0,30411,https://www.speedtest.net/result/c/6a221609-361d-46c6-b42e-f02016c11447
2026-07-11 16:22:24 EDT,2026-07-11T20:22:50Z,OK,160.8,86.5,19.3,1.3,0,266.9,440.1,en0,30411,https://www.speedtest.net/result/c/a6170c19-e8b6-47b6-a804-9db1eb18cc75
2026-07-11 16:52:51 EDT,2026-07-11T20:53:17Z,OK,165.3,74.2,16.3,8.0,0,672.1,711.4,en0,30411,https://www.speedtest.net/result/c/ea391c18-f9e4-44c6-ab1b-a70d4420cf1a
2026-07-11 17:23:18 EDT,2026-07-11T21:23:32Z,OK,178.1,77.6,20.0,0.9,0,48.0,568.8,en0,30411,https://www.speedtest.net/result/c/8b0f5bba-bf6f-4428-baef-28505c384973
2026-07-11 17:53:33 EDT,2026-07-11T21:53:57Z,OK,188.7,78.8,19.4,3.3,0,50.1,71.9,en0,30411,https://www.speedtest.net/result/c/4a8caa7f-6891-4fbd-b69f-adaeee99a999
2026-07-11 18:23:58 EDT,2026-07-11T22:24:21Z,OK,160.0,72.4,19.1,2.4,0,50.4,578.5,en0,30411,https://www.speedtest.net/result/c/dd992f6a-d6d1-40a7-960a-a6bb530f8b77
2026-07-11 18:54:23 EDT,2026-07-11T22:54:48Z,OK,163.8,77.2,19.8,0.7,0,36.3,499.7,en0,30411,https://www.speedtest.net/result/c/5de28213-cad8-456b-9704-acaac3725dbf
2026-07-11 19:24:49 EDT,2026-07-11T23:25:14Z,OK,197.4,86.0,20.1,9.8,0,48.4,477.1,en0,30411,https://www.speedtest.net/result/c/d0dc88c0-7e6b-4746-98ca-1cc58e37609f
2026-07-11 19:55:16 EDT,2026-07-11T23:55:38Z,OK,176.2,78.3,24.1,4.4,0,59.6,194.1,en0,30411,https://www.speedtest.net/result/c/d73fe620-5f09-4d95-8a81-ff9cc38b31cd
2026-07-11 20:25:40 EDT,2026-07-12T00:25:59Z,OK,186.5,91.4,19.4,1.1,0,53.8,279.7,en0,30411,https://www.speedtest.net/result/c/af87bbd5-5b6b-4a03-874e-57435c399427
2026-07-11 20:56:01 EDT,2026-07-12T00:56:27Z,OK,292.6,252.4,19.4,2.8,0,30.5,399.8,en0,30411,https://www.speedtest.net/result/c/1402eafd-a0d8-4771-9174-63999cf5daba
2026-07-11 21:26:28 EDT,2026-07-12T01:26:57Z,OK,199.8,169.2,19.6,1.3,0,35.6,445.4,en0,30411,https://www.speedtest.net/result/c/9b978e2a-b1ff-4759-86cb-a996b8d99c34
2026-07-11 21:56:58 EDT,2026-07-12T01:57:17Z,OK,302.6,246.9,19.6,0.4,0,220.1,376.6,en0,30411,https://www.speedtest.net/result/c/e17217da-79fd-482c-aa18-f6f94ed9039d
2026-07-11 22:27:19 EDT,2026-07-12T02:27:42Z,OK,301.8,242.2,19.7,0.9,0,204.8,380.9,en0,30411,https://www.speedtest.net/result/c/a78cbe35-30ec-44b9-9b13-193c14556092
2026-07-11 22:57:43 EDT,2026-07-12T02:58:10Z,OK,217.4,216.7,20.6,4.3,0,250.4,392.5,en0,30411,https://www.speedtest.net/result/c/68af85ac-c079-4dea-9fc5-90a1087490ea
2026-07-11 23:28:12 EDT,2026-07-12T03:28:32Z,OK,296.2,191.8,19.7,1.5,0,194.3,409.0,en0,30411,https://www.speedtest.net/result/c/11bd6469-528e-48c6-b00e-7c8b960be530
2026-07-11 23:58:34 EDT,2026-07-12T03:58:53Z,OK,305.0,259.6,19.8,1.6,0,50.3,29.2,en0,30411,https://www.speedtest.net/result/c/53af2fd5-844e-4844-ae4b-333d28ea630a
2026-07-12 00:28:55 EDT,2026-07-12T04:29:15Z,OK,307.7,258.0,19.7,1.0,0,46.4,29.9,en0,30411,https://www.speedtest.net/result/c/e789b585-e829-45c3-8a4d-4bd0f7c3258f
2026-07-12 00:59:17 EDT,2026-07-12T04:59:38Z,OK,305.3,253.6,18.9,4.2,0,36.3,42.8,en0,30411,https://www.speedtest.net/result/c/139f0082-fd1d-4755-a16c-f40f349db89f
2026-07-12 01:29:39 EDT,2026-07-12T05:30:03Z,OK,295.4,244.5,16.9,2.8,0,71.9,167.9,en0,30411,https://www.speedtest.net/result/c/08f7d1ac-b111-463e-8788-e682b8ecaa6c
2026-07-12 02:00:05 EDT,2026-07-12T06:00:29Z,OK,307.1,244.4,19.7,1.5,0,40.3,427.1,en0,30411,https://www.speedtest.net/result/c/7f0178c0-a458-4d52-bbe8-6e67d898709f
2026-07-12 02:30:30 EDT,2026-07-12T06:30:58Z,OK,259.3,253.2,19.9,1.7,0,23.8,154.3,en0,30411,https://www.speedtest.net/result/c/e6d2bfeb-ab22-4a63-9ff4-5a062fa42883
2026-07-12 03:01:00 EDT,2026-07-12T07:01:24Z,OK,305.4,246.9,13.1,6.7,0,43.7,148.5,en0,30411,https://www.speedtest.net/result/c/df6df843-3a70-4ea8-90a0-3a6d20495631
2026-07-12 03:31:25 EDT,2026-07-12T07:31:43Z,OK,305.0,243.2,20.0,2.9,0,58.5,46.2,en0,30411,https://www.speedtest.net/result/c/54f1a655-4856-49b7-86df-377f319a66b7
2026-07-12 04:01:45 EDT,2026-07-12T08:02:05Z,OK,305.6,234.9,19.7,2.6,0,50.7,186.0,en0,30411,https://www.speedtest.net/result/c/94713d16-d683-4f74-ac8a-4f4ae4f9bd93
2026-07-12 04:32:06 EDT,2026-07-12T08:32:24Z,OK,268.9,247.4,18.8,3.9,0,29.9,27.6,en0,30411,https://www.speedtest.net/result/c/3542db70-7ae4-4be8-acc5-74e5dc02bc41
2026-07-12 05:02:26 EDT,2026-07-12T09:02:46Z,OK,288.9,247.7,18.3,5.2,0,29.4,43.6,en0,30411,https://www.speedtest.net/result/c/b567a122-ef3c-45a8-8188-160cc3741d15
2026-07-12 05:32:47 EDT,2026-07-12T09:33:06Z,OK,305.4,238.4,19.3,2.6,0,49.7,197.3,en0,30411,https://www.speedtest.net/result/c/f654cc2d-c7d4-4582-9f2d-0cd36fc508e3
2026-07-12 06:03:07 EDT,2026-07-12T10:03:30Z,OK,188.4,98.9,10.7,5.2,0,258.0,724.1,en0,30411,https://www.speedtest.net/result/c/a860e61c-0126-4457-81e4-6eb8786e1922
2026-07-12 06:33:32 EDT,2026-07-12T10:33:44Z,OK,214.5,103.2,10.0,5.9,0,38.5,52.0,en0,30411,https://www.speedtest.net/result/c/2422b5f6-526f-4dcd-9fa0-03352b7be672
2026-07-12 07:03:46 EDT,2026-07-12T11:04:04Z,OK,231.2,106.3,19.6,0.7,0,35.6,416.2,en0,30411,https://www.speedtest.net/result/c/30505c87-fe64-4dbe-b66d-53a233c70611
2026-07-12 07:34:05 EDT,2026-07-12T11:34:29Z,OK,226.8,118.3,20.0,0.6,0,40.1,174.9,en0,30411,https://www.speedtest.net/result/c/839540e4-25e5-43da-9f7a-0f162caa03af
2026-07-12 08:04:31 EDT,2026-07-12T12:04:50Z,OK,307.9,121.0,19.8,1.8,0,429.4,635.6,en0,30411,https://www.speedtest.net/result/c/25ed506d-3be5-4a36-a01f-f8f246f7344d
2026-07-12 08:34:52 EDT,2026-07-12T12:35:14Z,OK,235.1,122.7,18.3,5.7,0,32.1,70.0,en0,30411,https://www.speedtest.net/result/c/716b3252-ce3f-40f4-8b3d-6324ce7bc152
2026-07-12 09:05:16 EDT,2026-07-12T13:05:35Z,OK,187.1,135.6,19.7,1.0,0,31.4,174.6,en0,30411,https://www.speedtest.net/result/c/62e54d0b-648c-43f8-8d1a-f05f6719120f
2026-07-12 09:35:36 EDT,2026-07-12T13:35:54Z,OK,250.7,124.7,18.5,3.4,0,34.3,624.6,en0,30411,https://www.speedtest.net/result/c/3eac968a-ef28-44fd-88ef-a003bce934a6
2026-07-12 10:05:56 EDT,2026-07-12T14:06:19Z,OK,203.6,125.9,12.9,5.4,0,56.5,440.6,en0,30411,https://www.speedtest.net/result/c/2c2b34dc-6dc6-49ef-871b-8ab878f3c270
2026-07-12 10:36:21 EDT,2026-07-12T14:36:40Z,OK,225.2,123.2,19.7,0.8,0,26.1,182.2,en0,30411,https://www.speedtest.net/result/c/43aed7c0-1284-4009-a3a7-e309351689e5
2026-07-12 11:06:42 EDT,2026-07-12T15:07:01Z,OK,243.8,135.2,19.6,0.5,0,33.1,431.6,en0,30411,https://www.speedtest.net/result/c/b74a8d20-0f99-4654-9d6e-739ac83af5c2
2026-07-12 11:37:03 EDT,2026-07-12T15:37:24Z,OK,225.3,138.5,19.3,1.3,0,40.3,68.8,en0,30411,https://www.speedtest.net/result/c/39bdd856-3d49-4a5c-84a0-f02870accd62
2026-07-12 12:07:26 EDT,2026-07-12T16:07:41Z,OK,265.1,142.4,19.4,2.0,0,39.0,195.7,en0,30411,https://www.speedtest.net/result/c/4d558f2c-81b0-49a0-aa51-2adbf222608a
2026-07-12 12:37:42 EDT,2026-07-12T16:38:14Z,OK,212.0,102.7,19.9,0.8,0,118.5,470.5,en0,30411,https://www.speedtest.net/result/c/00c76473-4a12-4259-b8ee-0edb834bd88a
2026-07-12 13:08:15 EDT,2026-07-12T17:08:38Z,OK,205.3,103.4,19.8,1.2,0,32.8,500.3,en0,30411,https://www.speedtest.net/result/c/654ce8be-3e93-46f0-a041-d75f6a999e5f
2026-07-12 13:38:40 EDT,2026-07-12T17:38:59Z,OK,170.5,98.5,19.7,0.8,0,61.9,897.6,en0,30411,https://www.speedtest.net/result/c/8449f572-f497-46e4-a474-bfcc36412a2d
2026-07-12 14:09:01 EDT,2026-07-12T18:09:21Z,OK,215.4,95.4,19.7,1.4,0,33.5,455.2,en0,30411,https://www.speedtest.net/result/c/f13316df-c35c-4d70-8706-7c04040d78e6
2026-07-12 14:39:22 EDT,2026-07-12T18:39:39Z,OK,193.0,101.7,19.6,1.6,0,30.7,594.1,en0,30411,https://www.speedtest.net/result/c/14fe9253-5a6d-4791-9d89-40c226fca6b5
2026-07-12 15:09:40 EDT,2026-07-12T19:09:56Z,OK,209.6,90.3,16.8,4.6,0,49.1,487.1,en0,30411,https://www.speedtest.net/result/c/be24af70-af26-4f83-9af9-99c52da66ff6
2026-07-12 15:39:58 EDT,2026-07-12T19:40:19Z,OK,165.8,97.7,18.6,1.8,0,253.9,490.0,en0,30411,https://www.speedtest.net/result/c/1cabdce9-c4f2-4f16-89d0-7515cf05d0d1
2026-07-12 16:10:20 EDT,2026-07-12T20:10:34Z,OK,206.4,97.1,19.8,0.6,0,23.7,449.7,en0,30411,https://www.speedtest.net/result/c/9c1afe27-2d29-48b2-aa91-e5e7b8227813
2026-07-12 16:40:35 EDT,2026-07-12T20:40:56Z,OK,238.8,159.7,10.4,6.0,0,30.6,517.2,en0,30411,https://www.speedtest.net/result/c/468a7c67-76fe-4638-92b3-c9d737100fd3
2026-07-12 17:10:57 EDT,2026-07-12T21:11:16Z,OK,182.3,98.6,12.5,6.1,0,35.6,445.9,en0,30411,https://www.speedtest.net/result/c/906e9073-f87b-4332-87b5-a1e1c6d84483
2026-07-12 17:41:18 EDT,2026-07-12T21:41:49Z,OK,201.6,105.4,10.2,4.5,0,103.5,60.2,en0,30411,https://www.speedtest.net/result/c/4668d16a-3d2c-4d46-8be4-d260e7777eef
2026-07-12 18:11:50 EDT,2026-07-12T22:12:09Z,OK,215.9,99.0,16.4,4.8,0,39.1,187.8,en0,30411,https://www.speedtest.net/result/c/34acc6ae-1bdc-4366-9632-80f6f0fe3b42
2026-07-12 18:42:11 EDT,2026-07-12T22:42:35Z,OK,217.2,106.5,9.9,1.7,0,35.3,181.4,en0,30411,https://www.speedtest.net/result/c/d2fa7834-2e68-4ba3-ba34-83ef85708db1
2026-07-12 19:12:36 EDT,2026-07-12T23:13:00Z,OK,240.2,127.6,19.0,4.8,0,37.4,406.5,en0,30411,https://www.speedtest.net/result/c/033cca83-c996-4408-a57c-7bf6bc84c9d1
2026-07-12 19:43:02 EDT,2026-07-12T23:43:24Z,OK,207.1,138.0,10.0,1.5,0,30.0,139.5,en0,30411,https://www.speedtest.net/result/c/3f5cae3f-8a43-4a76-93e2-d6ca99a7b776
2026-07-12 20:13:26 EDT,2026-07-13T00:13:51Z,OK,173.3,91.7,13.4,6.9,0,49.6,481.9,en0,30411,https://www.speedtest.net/result/c/89595bd0-ae67-4cdf-b9cb-5367bfb3af3b
2026-07-12 20:43:52 EDT,2026-07-13T00:44:10Z,OK,254.2,108.9,19.0,4.0,0,38.2,412.6,en0,30411,https://www.speedtest.net/result/c/733a61b9-ec3a-4201-8a48-5602e9a16173
2026-07-12 21:14:11 EDT,2026-07-13T01:14:31Z,OK,229.0,134.1,9.8,0.8,0,33.5,709.2,en0,30411,https://www.speedtest.net/result/c/7d1c1984-d7cb-4a90-92ad-e104b502c54a
2026-07-12 21:44:32 EDT,2026-07-13T01:44:58Z,OK,199.1,134.7,16.3,5.7,0,33.7,429.3,en0,30411,https://www.speedtest.net/result/c/a761fb8c-2962-4ae9-87f0-641246fe2693
2026-07-12 22:15:00 EDT,2026-07-13T02:15:22Z,OK,203.0,139.4,9.3,1.0,0,41.9,424.5,en0,30411,https://www.speedtest.net/result/c/477ef002-44c7-4e11-86eb-f2e667d89539
2026-07-12 22:45:24 EDT,2026-07-13T02:45:47Z,OK,241.9,104.5,10.0,1.4,0,42.0,46.8,en0,30411,https://www.speedtest.net/result/c/be0b02a3-52c1-4ee3-82f2-60df7234b986
2026-07-12 23:15:49 EDT,2026-07-13T03:16:19Z,OK,258.6,118.0,9.4,1.1,0,33.7,618.9,en0,30411,https://www.speedtest.net/result/c/1df744a9-de04-4d84-92d0-f6d67040b742
2026-07-12 23:46:20 EDT,2026-07-13T03:46:41Z,OK,246.7,146.5,19.6,0.3,0,34.1,163.1,en0,30411,https://www.speedtest.net/result/c/cdb22a52-6b6c-430f-b8ea-9a793f68a6e4
2026-07-13 00:16:42 EDT,2026-07-13T04:16:56Z,OK,247.2,138.1,10.0,1.8,0,28.5,122.1,en0,30411,https://www.speedtest.net/result/c/85a8f89f-4132-4aad-b260-86837a2b48b2
2026-07-13 00:46:57 EDT,2026-07-13T04:47:22Z,OK,218.3,142.6,10.8,3.6,0,28.1,409.0,en0,30411,https://www.speedtest.net/result/c/93067ae3-4059-4c73-9d7b-4a88786356f7
2026-07-13 01:17:24 EDT,2026-07-13T05:17:42Z,OK,224.6,138.9,10.0,2.1,0,231.9,152.8,en0,30411,https://www.speedtest.net/result/c/679de7b7-70ff-4c39-88e5-c99b93c39228
2026-07-13 01:47:43 EDT,2026-07-13T05:48:06Z,OK,201.9,135.2,9.9,4.9,0,26.7,423.9,en0,30411,https://www.speedtest.net/result/c/fa1c2a2b-e8af-4ddc-90fa-f468a3d23fcd
2026-07-13 02:18:08 EDT,2026-07-13T06:18:32Z,OK,190.5,140.4,11.0,4.0,0,26.4,166.2,en0,30411,https://www.speedtest.net/result/c/5913c9bc-3dbd-4489-9118-0e4ad1bac7ef
2026-07-13 02:48:33 EDT,2026-07-13T06:48:55Z,OK,254.3,142.1,10.0,1.5,0,31.7,430.5,en0,30411,https://www.speedtest.net/result/c/3561a47a-1f79-41d9-8f1f-2e8323e4fe23
2026-07-13 03:18:57 EDT,2026-07-13T07:19:14Z,OK,259.8,138.5,10.1,1.2,0,23.2,50.5,en0,30411,https://www.speedtest.net/result/c/34c5ea69-385e-4530-bdad-e3a72419b13c
2026-07-13 03:49:15 EDT,2026-07-13T07:49:37Z,OK,214.7,133.9,10.7,5.2,0,223.6,409.2,en0,30411,https://www.speedtest.net/result/c/a2048d10-0e17-420c-8016-4b0d8904c2a4
2026-07-13 04:19:39 EDT,2026-07-13T08:20:02Z,OK,249.1,139.4,19.7,1.1,0,247.4,164.8,en0,30411,https://www.speedtest.net/result/c/0ed64920-c202-4f79-9c60-c885e2a49cda
2026-07-13 04:50:03 EDT,2026-07-13T08:50:21Z,OK,233.3,98.3,19.9,1.7,0,40.9,54.2,en0,30411,https://www.speedtest.net/result/c/813ce457-2ed4-4a96-b1af-cdd32e2a93a1
2026-07-13 05:20:22 EDT,2026-07-13T09:20:43Z,OK,221.4,96.5,20.0,1.0,0,93.8,503.3,en0,30411,https://www.speedtest.net/result/c/644d7b21-a8ba-48c1-b695-2a18d0d88da5
2026-07-13 05:50:45 EDT,2026-07-13T09:51:07Z,OK,209.0,98.9,19.3,1.6,0,59.4,489.5,en0,30411,https://www.speedtest.net/result/c/f17acd4d-0c1d-4997-bd9b-4bb87d0fe005
2026-07-13 06:21:09 EDT,2026-07-13T10:21:27Z,OK,197.3,96.5,20.1,2.2,0,43.0,526.4,en0,30411,https://www.speedtest.net/result/c/6bbf8087-637c-46c7-a6c2-4df189002e42
2026-07-13 06:51:28 EDT,2026-07-13T10:51:42Z,OK,256.5,97.5,19.7,0.8,0,42.1,479.8,en0,30411,https://www.speedtest.net/result/c/80d37e6e-553f-429a-9023-980b3eba1d5b
2026-07-13 07:29:53 EDT,,FAILED,,,,,,,,,30411,
2026-07-13 07:59:54 EDT,,FAILED,,,,,,,,,30411,
2026-07-13 09:09:18 EDT,,FAILED,,,,,,,,,30411,
2026-07-13 12:16:57 EDT,,FAILED,,,,,,,,,30411,
2026-07-13 14:52:39 EDT,,FAILED,,,,,,,,,30411,
2026-07-13 16:14:31 EDT,,FAILED,,,,,,,,,30411,
2026-07-13 16:56:37 EDT,,FAILED,,,,,,,,,30411,
2026-07-13 17:35:48 EDT,,FAILED,,,,,,,,,30411,
2026-07-13 18:05:48 EDT,,FAILED,,,,,,,,,30411,
2026-07-13 18:38:55 EDT,2026-07-13T22:39:21Z,OK,182.5,172.6,10.0,1.5,0,20.9,162.5,en0,30411,https://www.speedtest.net/result/c/1032b9d9-24f1-42ac-9f96-7e1a3ce30df5
2026-07-13 19:09:22 EDT,2026-07-13T23:09:50Z,OK,217.9,171.9,9.7,1.5,0,28.3,153.7,en0,30411,https://www.speedtest.net/result/c/0c802ce5-9cad-4b9c-b061-015541d8e92a
2026-07-13 19:39:51 EDT,2026-07-13T23:40:03Z,OK,251.3,178.5,10.0,1.2,0,30.8,31.6,en0,30411,https://www.speedtest.net/result/c/dbb6c2b0-5f78-4438-86ea-5207e00edd26
2026-07-13 20:10:05 EDT,2026-07-14T00:10:31Z,OK,235.9,211.8,9.9,1.7,0,186.8,27.1,en0,30411,https://www.speedtest.net/result/c/68d14e8d-af9b-42db-9d46-0151b2643684
2026-07-13 20:40:32 EDT,2026-07-14T00:40:49Z,OK,176.5,210.7,10.1,1.3,0,17.5,145.2,en0,30411,https://www.speedtest.net/result/c/9325d3d9-436c-4468-a655-60372ed25fe4
2026-07-13 21:10:51 EDT,2026-07-14T01:11:08Z,OK,224.2,169.0,19.6,1.4,0,31.9,392.9,en0,30411,https://www.speedtest.net/result/c/d999af0b-ff5a-420f-8097-d9e126ec6975
2026-07-13 21:41:09 EDT,2026-07-14T01:41:27Z,OK,252.7,193.9,9.3,1.0,0,29.4,389.2,en0,30411,https://www.speedtest.net/result/c/55b40077-3e58-4d6d-a03c-28e0b555b624
